folder,filename,path,size_kb
1,WhatsApp Image 2026-04-29 at 1.26.56 PM.jpeg,E:\POC\project-poc\data\raw\images\1\WhatsApp Image 2026-04-29 at 1.26.56 PM.jpeg,424.0
1,WhatsApp Image 2026-04-29 at 1.26.57 PM (1).jpeg,E:\POC\project-poc\data\raw\images\1\WhatsApp Image 2026-04-29 at 1.26.57 PM (1).jpeg,444.2
1,WhatsApp Image 2026-04-29 at 1.26.57 PM.jpeg,E:\POC\project-poc\data\raw\images\1\WhatsApp Image 2026-04-29 at 1.26.57 PM.jpeg,423.1
1,WhatsApp Image 2026-04-29 at 1.26.58 PM (1).jpeg,E:\POC\project-poc\data\raw\images\1\WhatsApp Image 2026-04-29 at 1.26.58 PM (1).jpeg,421.7
1,WhatsApp Image 2026-04-29 at 1.26.58 PM.jpeg,E:\POC\project-poc\data\raw\images\1\WhatsApp Image 2026-04-29 at 1.26.58 PM.jpeg,378.5
1,WhatsApp Image 2026-04-29 at 1.26.59 PM (1).jpeg,E:\POC\project-poc\data\raw\images\1\WhatsApp Image 2026-04-29 at 1.26.59 PM (1).jpeg,656.1
1,WhatsApp Image 2026-04-29 at 1.26.59 PM.jpeg,E:\POC\project-poc\data\raw\images\1\WhatsApp Image 2026-04-29 at 1.26.59 PM.jpeg,297.8
1,WhatsApp Image 2026-04-29 at 1.27.00 PM.jpeg,E:\POC\project-poc\data\raw\images\1\WhatsApp Image 2026-04-29 at 1.27.00 PM.jpeg,591.0
1,WhatsApp Image 2026-04-29 at 1.27.01 PM (1).jpeg,E:\POC\project-poc\data\raw\images\1\WhatsApp Image 2026-04-29 at 1.27.01 PM (1).jpeg,495.1
1,WhatsApp Image 2026-04-29 at 1.27.01 PM.jpeg,E:\POC\project-poc\data\raw\images\1\WhatsApp Image 2026-04-29 at 1.27.01 PM.jpeg,594.5
1,WhatsApp Image 2026-04-29 at 1.27.02 PM.jpeg,E:\POC\project-poc\data\raw\images\1\WhatsApp Image 2026-04-29 at 1.27.02 PM.jpeg,378.1
1,WhatsApp Image 2026-04-29 at 1.27.03 PM.jpeg,E:\POC\project-poc\data\raw\images\1\WhatsApp Image 2026-04-29 at 1.27.03 PM.jpeg,338.6
1,WhatsApp Image 2026-04-29 at 1.27.04 PM (1).jpeg,E:\POC\project-poc\data\raw\images\1\WhatsApp Image 2026-04-29 at 1.27.04 PM (1).jpeg,591.0
1,WhatsApp Image 2026-04-29 at 1.27.04 PM.jpeg,E:\POC\project-poc\data\raw\images\1\WhatsApp Image 2026-04-29 at 1.27.04 PM.jpeg,305.9
1,WhatsApp Image 2026-04-29 at 1.27.05 PM (1).jpeg,E:\POC\project-poc\data\raw\images\1\WhatsApp Image 2026-04-29 at 1.27.05 PM (1).jpeg,561.0
1,WhatsApp Image 2026-04-29 at 1.27.05 PM.jpeg,E:\POC\project-poc\data\raw\images\1\WhatsApp Image 2026-04-29 at 1.27.05 PM.jpeg,528.8
1,WhatsApp Image 2026-04-29 at 1.27.06 PM.jpeg,E:\POC\project-poc\data\raw\images\1\WhatsApp Image 2026-04-29 at 1.27.06 PM.jpeg,430.3
1,WhatsApp Image 2026-04-29 at 1.27.07 PM.jpeg,E:\POC\project-poc\data\raw\images\1\WhatsApp Image 2026-04-29 at 1.27.07 PM.jpeg,528.8
1,WhatsApp Image 2026-04-29 at 1.27.08 PM.jpeg,E:\POC\project-poc\data\raw\images\1\WhatsApp Image 2026-04-29 at 1.27.08 PM.jpeg,521.2
1,WhatsApp Image 2026-04-29 at 1.27.09 PM (1).jpeg,E:\POC\project-poc\data\raw\images\1\WhatsApp Image 2026-04-29 at 1.27.09 PM (1).jpeg,305.6
1,WhatsApp Image 2026-04-29 at 1.27.09 PM.jpeg,E:\POC\project-poc\data\raw\images\1\WhatsApp Image 2026-04-29 at 1.27.09 PM.jpeg,683.0
1,WhatsApp Image 2026-04-29 at 1.27.10 PM (1).jpeg,E:\POC\project-poc\data\raw\images\1\WhatsApp Image 2026-04-29 at 1.27.10 PM (1).jpeg,402.9
1,WhatsApp Image 2026-04-29 at 1.27.10 PM.jpeg,E:\POC\project-poc\data\raw\images\1\WhatsApp Image 2026-04-29 at 1.27.10 PM.jpeg,310.8
1,WhatsApp Image 2026-04-29 at 1.27.11 PM (1).jpeg,E:\POC\project-poc\data\raw\images\1\WhatsApp Image 2026-04-29 at 1.27.11 PM (1).jpeg,394.2
1,WhatsApp Image 2026-04-29 at 1.27.11 PM.jpeg,E:\POC\project-poc\data\raw\images\1\WhatsApp Image 2026-04-29 at 1.27.11 PM.jpeg,420.6
1,WhatsApp Image 2026-04-29 at 1.27.12 PM (1).jpeg,E:\POC\project-poc\data\raw\images\1\WhatsApp Image 2026-04-29 at 1.27.12 PM (1).jpeg,407.4
1,WhatsApp Image 2026-04-29 at 1.27.12 PM.jpeg,E:\POC\project-poc\data\raw\images\1\WhatsApp Image 2026-04-29 at 1.27.12 PM.jpeg,366.4
1,WhatsApp Image 2026-04-29 at 1.27.13 PM (1).jpeg,E:\POC\project-poc\data\raw\images\1\WhatsApp Image 2026-04-29 at 1.27.13 PM (1).jpeg,423.2
1,WhatsApp Image 2026-04-29 at 1.27.13 PM.jpeg,E:\POC\project-poc\data\raw\images\1\WhatsApp Image 2026-04-29 at 1.27.13 PM.jpeg,410.4
1,WhatsApp Image 2026-04-29 at 1.27.14 PM (1).jpeg,E:\POC\project-poc\data\raw\images\1\WhatsApp Image 2026-04-29 at 1.27.14 PM (1).jpeg,379.7
1,WhatsApp Image 2026-04-29 at 1.27.14 PM.jpeg,E:\POC\project-poc\data\raw\images\1\WhatsApp Image 2026-04-29 at 1.27.14 PM.jpeg,333.4
1,WhatsApp Image 2026-04-29 at 1.27.16 PM (1).jpeg,E:\POC\project-poc\data\raw\images\1\WhatsApp Image 2026-04-29 at 1.27.16 PM (1).jpeg,442.3
1,WhatsApp Image 2026-04-29 at 1.27.16 PM.jpeg,E:\POC\project-poc\data\raw\images\1\WhatsApp Image 2026-04-29 at 1.27.16 PM.jpeg,393.5
1,WhatsApp Image 2026-04-29 at 1.27.17 PM (1).jpeg,E:\POC\project-poc\data\raw\images\1\WhatsApp Image 2026-04-29 at 1.27.17 PM (1).jpeg,538.3
1,WhatsApp Image 2026-04-29 at 1.27.17 PM (2).jpeg,E:\POC\project-poc\data\raw\images\1\WhatsApp Image 2026-04-29 at 1.27.17 PM (2).jpeg,574.2
1,WhatsApp Image 2026-04-29 at 1.27.17 PM.jpeg,E:\POC\project-poc\data\raw\images\1\WhatsApp Image 2026-04-29 at 1.27.17 PM.jpeg,554.0
1,WhatsApp Image 2026-04-29 at 1.27.18 PM (1).jpeg,E:\POC\project-poc\data\raw\images\1\WhatsApp Image 2026-04-29 at 1.27.18 PM (1).jpeg,214.7
1,WhatsApp Image 2026-04-29 at 1.27.18 PM.jpeg,E:\POC\project-poc\data\raw\images\1\WhatsApp Image 2026-04-29 at 1.27.18 PM.jpeg,575.1
1,WhatsApp Image 2026-04-29 at 1.27.19 PM (1).jpeg,E:\POC\project-poc\data\raw\images\1\WhatsApp Image 2026-04-29 at 1.27.19 PM (1).jpeg,762.3
1,WhatsApp Image 2026-04-29 at 1.27.19 PM.jpeg,E:\POC\project-poc\data\raw\images\1\WhatsApp Image 2026-04-29 at 1.27.19 PM.jpeg,434.8
1,WhatsApp Image 2026-04-29 at 1.27.20 PM (1).jpeg,E:\POC\project-poc\data\raw\images\1\WhatsApp Image 2026-04-29 at 1.27.20 PM (1).jpeg,749.3
1,WhatsApp Image 2026-04-29 at 1.27.20 PM (2).jpeg,E:\POC\project-poc\data\raw\images\1\WhatsApp Image 2026-04-29 at 1.27.20 PM (2).jpeg,404.6
1,WhatsApp Image 2026-04-29 at 1.27.20 PM.jpeg,E:\POC\project-poc\data\raw\images\1\WhatsApp Image 2026-04-29 at 1.27.20 PM.jpeg,712.5
1,WhatsApp Image 2026-04-29 at 1.27.21 PM (1).jpeg,E:\POC\project-poc\data\raw\images\1\WhatsApp Image 2026-04-29 at 1.27.21 PM (1).jpeg,498.1
1,WhatsApp Image 2026-04-29 at 1.27.21 PM.jpeg,E:\POC\project-poc\data\raw\images\1\WhatsApp Image 2026-04-29 at 1.27.21 PM.jpeg,578.9
1,WhatsApp Image 2026-04-29 at 1.27.22 PM (1).jpeg,E:\POC\project-poc\data\raw\images\1\WhatsApp Image 2026-04-29 at 1.27.22 PM (1).jpeg,520.4
1,WhatsApp Image 2026-04-29 at 1.27.22 PM.jpeg,E:\POC\project-poc\data\raw\images\1\WhatsApp Image 2026-04-29 at 1.27.22 PM.jpeg,548.4
1,WhatsApp Image 2026-04-29 at 1.27.23 PM (1).jpeg,E:\POC\project-poc\data\raw\images\1\WhatsApp Image 2026-04-29 at 1.27.23 PM (1).jpeg,367.5
1,WhatsApp Image 2026-04-29 at 1.27.23 PM (2).jpeg,E:\POC\project-poc\data\raw\images\1\WhatsApp Image 2026-04-29 at 1.27.23 PM (2).jpeg,553.7
1,WhatsApp Image 2026-04-29 at 1.27.23 PM.jpeg,E:\POC\project-poc\data\raw\images\1\WhatsApp Image 2026-04-29 at 1.27.23 PM.jpeg,584.2
1,WhatsApp Image 2026-04-29 at 1.27.24 PM (1).jpeg,E:\POC\project-poc\data\raw\images\1\WhatsApp Image 2026-04-29 at 1.27.24 PM (1).jpeg,378.7
1,WhatsApp Image 2026-04-29 at 1.27.24 PM.jpeg,E:\POC\project-poc\data\raw\images\1\WhatsApp Image 2026-04-29 at 1.27.24 PM.jpeg,482.3
1,WhatsApp Image 2026-04-29 at 1.27.25 PM (1).jpeg,E:\POC\project-poc\data\raw\images\1\WhatsApp Image 2026-04-29 at 1.27.25 PM (1).jpeg,408.3
1,WhatsApp Image 2026-04-29 at 1.27.25 PM.jpeg,E:\POC\project-poc\data\raw\images\1\WhatsApp Image 2026-04-29 at 1.27.25 PM.jpeg,424.0
1,WhatsApp Image 2026-04-29 at 1.27.26 PM.jpeg,E:\POC\project-poc\data\raw\images\1\WhatsApp Image 2026-04-29 at 1.27.26 PM.jpeg,402.4
2,WhatsApp Image 2026-04-29 at 1.24.05 PM (1).jpeg,E:\POC\project-poc\data\raw\images\2\WhatsApp Image 2026-04-29 at 1.24.05 PM (1).jpeg,538.3
2,WhatsApp Image 2026-04-29 at 1.24.05 PM.jpeg,E:\POC\project-poc\data\raw\images\2\WhatsApp Image 2026-04-29 at 1.24.05 PM.jpeg,524.3
2,WhatsApp Image 2026-04-29 at 1.24.06 PM (1).jpeg,E:\POC\project-poc\data\raw\images\2\WhatsApp Image 2026-04-29 at 1.24.06 PM (1).jpeg,514.4
2,WhatsApp Image 2026-04-29 at 1.24.06 PM (2).jpeg,E:\POC\project-poc\data\raw\images\2\WhatsApp Image 2026-04-29 at 1.24.06 PM (2).jpeg,507.2
2,WhatsApp Image 2026-04-29 at 1.24.06 PM.jpeg,E:\POC\project-poc\data\raw\images\2\WhatsApp Image 2026-04-29 at 1.24.06 PM.jpeg,553.4
2,WhatsApp Image 2026-04-29 at 1.24.07 PM (1).jpeg,E:\POC\project-poc\data\raw\images\2\WhatsApp Image 2026-04-29 at 1.24.07 PM (1).jpeg,488.3
2,WhatsApp Image 2026-04-29 at 1.24.07 PM.jpeg,E:\POC\project-poc\data\raw\images\2\WhatsApp Image 2026-04-29 at 1.24.07 PM.jpeg,240.8
2,WhatsApp Image 2026-04-29 at 1.24.08 PM (1).jpeg,E:\POC\project-poc\data\raw\images\2\WhatsApp Image 2026-04-29 at 1.24.08 PM (1).jpeg,446.3
2,WhatsApp Image 2026-04-29 at 1.24.08 PM.jpeg,E:\POC\project-poc\data\raw\images\2\WhatsApp Image 2026-04-29 at 1.24.08 PM.jpeg,527.4
2,WhatsApp Image 2026-04-29 at 1.24.09 PM (1).jpeg,E:\POC\project-poc\data\raw\images\2\WhatsApp Image 2026-04-29 at 1.24.09 PM (1).jpeg,500.8
2,WhatsApp Image 2026-04-29 at 1.24.09 PM.jpeg,E:\POC\project-poc\data\raw\images\2\WhatsApp Image 2026-04-29 at 1.24.09 PM.jpeg,528.0
2,WhatsApp Image 2026-04-29 at 1.24.13 PM.jpeg,E:\POC\project-poc\data\raw\images\2\WhatsApp Image 2026-04-29 at 1.24.13 PM.jpeg,570.8
2,WhatsApp Image 2026-04-29 at 1.24.14 PM (1).jpeg,E:\POC\project-poc\data\raw\images\2\WhatsApp Image 2026-04-29 at 1.24.14 PM (1).jpeg,363.9
2,WhatsApp Image 2026-04-29 at 1.24.14 PM.jpeg,E:\POC\project-poc\data\raw\images\2\WhatsApp Image 2026-04-29 at 1.24.14 PM.jpeg,391.5
2,WhatsApp Image 2026-04-29 at 1.24.15 PM (1).jpeg,E:\POC\project-poc\data\raw\images\2\WhatsApp Image 2026-04-29 at 1.24.15 PM (1).jpeg,257.0
2,WhatsApp Image 2026-04-29 at 1.24.15 PM.jpeg,E:\POC\project-poc\data\raw\images\2\WhatsApp Image 2026-04-29 at 1.24.15 PM.jpeg,251.7
2,WhatsApp Image 2026-04-29 at 1.24.16 PM.jpeg,E:\POC\project-poc\data\raw\images\2\WhatsApp Image 2026-04-29 at 1.24.16 PM.jpeg,567.9
2,WhatsApp Image 2026-04-29 at 1.24.17 PM (1).jpeg,E:\POC\project-poc\data\raw\images\2\WhatsApp Image 2026-04-29 at 1.24.17 PM (1).jpeg,287.5
2,WhatsApp Image 2026-04-29 at 1.24.17 PM.jpeg,E:\POC\project-poc\data\raw\images\2\WhatsApp Image 2026-04-29 at 1.24.17 PM.jpeg,547.4
2,WhatsApp Image 2026-04-29 at 1.24.18 PM.jpeg,E:\POC\project-poc\data\raw\images\2\WhatsApp Image 2026-04-29 at 1.24.18 PM.jpeg,459.4
2,WhatsApp Image 2026-04-29 at 1.24.19 PM.jpeg,E:\POC\project-poc\data\raw\images\2\WhatsApp Image 2026-04-29 at 1.24.19 PM.jpeg,330.2
2,WhatsApp Image 2026-04-29 at 1.24.21 PM.jpeg,E:\POC\project-poc\data\raw\images\2\WhatsApp Image 2026-04-29 at 1.24.21 PM.jpeg,341.0
2,WhatsApp Image 2026-04-29 at 1.24.22 PM.jpeg,E:\POC\project-poc\data\raw\images\2\WhatsApp Image 2026-04-29 at 1.24.22 PM.jpeg,318.4
2,WhatsApp Image 2026-04-29 at 1.24.23 PM.jpeg,E:\POC\project-poc\data\raw\images\2\WhatsApp Image 2026-04-29 at 1.24.23 PM.jpeg,142.3
2,WhatsApp Image 2026-04-29 at 1.24.24 PM.jpeg,E:\POC\project-poc\data\raw\images\2\WhatsApp Image 2026-04-29 at 1.24.24 PM.jpeg,306.4
2,WhatsApp Image 2026-04-29 at 1.24.25 PM.jpeg,E:\POC\project-poc\data\raw\images\2\WhatsApp Image 2026-04-29 at 1.24.25 PM.jpeg,335.9
2,WhatsApp Image 2026-04-29 at 1.24.27 PM.jpeg,E:\POC\project-poc\data\raw\images\2\WhatsApp Image 2026-04-29 at 1.24.27 PM.jpeg,269.8
2,WhatsApp Image 2026-04-29 at 1.24.28 PM.jpeg,E:\POC\project-poc\data\raw\images\2\WhatsApp Image 2026-04-29 at 1.24.28 PM.jpeg,270.2
2,WhatsApp Image 2026-04-29 at 1.24.29 PM.jpeg,E:\POC\project-poc\data\raw\images\2\WhatsApp Image 2026-04-29 at 1.24.29 PM.jpeg,202.0
2,WhatsApp Image 2026-04-29 at 1.24.30 PM.jpeg,E:\POC\project-poc\data\raw\images\2\WhatsApp Image 2026-04-29 at 1.24.30 PM.jpeg,312.6
2,WhatsApp Image 2026-04-29 at 1.24.31 PM.jpeg,E:\POC\project-poc\data\raw\images\2\WhatsApp Image 2026-04-29 at 1.24.31 PM.jpeg,334.0
2,WhatsApp Image 2026-04-29 at 1.24.32 PM.jpeg,E:\POC\project-poc\data\raw\images\2\WhatsApp Image 2026-04-29 at 1.24.32 PM.jpeg,311.5
2,WhatsApp Image 2026-04-29 at 1.24.34 PM.jpeg,E:\POC\project-poc\data\raw\images\2\WhatsApp Image 2026-04-29 at 1.24.34 PM.jpeg,510.1
2,WhatsApp Image 2026-04-29 at 1.24.37 PM (1).jpeg,E:\POC\project-poc\data\raw\images\2\WhatsApp Image 2026-04-29 at 1.24.37 PM (1).jpeg,386.3
2,WhatsApp Image 2026-04-29 at 1.24.37 PM.jpeg,E:\POC\project-poc\data\raw\images\2\WhatsApp Image 2026-04-29 at 1.24.37 PM.jpeg,537.0
2,WhatsApp Image 2026-04-29 at 1.24.38 PM.jpeg,E:\POC\project-poc\data\raw\images\2\WhatsApp Image 2026-04-29 at 1.24.38 PM.jpeg,383.8
2,WhatsApp Image 2026-04-29 at 1.24.39 PM (1).jpeg,E:\POC\project-poc\data\raw\images\2\WhatsApp Image 2026-04-29 at 1.24.39 PM (1).jpeg,385.6
2,WhatsApp Image 2026-04-29 at 1.24.39 PM.jpeg,E:\POC\project-poc\data\raw\images\2\WhatsApp Image 2026-04-29 at 1.24.39 PM.jpeg,383.8
2,WhatsApp Image 2026-04-29 at 1.24.40 PM.jpeg,E:\POC\project-poc\data\raw\images\2\WhatsApp Image 2026-04-29 at 1.24.40 PM.jpeg,664.8
2,WhatsApp Image 2026-04-29 at 1.24.41 PM (1).jpeg,E:\POC\project-poc\data\raw\images\2\WhatsApp Image 2026-04-29 at 1.24.41 PM (1).jpeg,533.4
2,WhatsApp Image 2026-04-29 at 1.24.41 PM.jpeg,E:\POC\project-poc\data\raw\images\2\WhatsApp Image 2026-04-29 at 1.24.41 PM.jpeg,694.4
2,WhatsApp Image 2026-04-29 at 1.24.42 PM.jpeg,E:\POC\project-poc\data\raw\images\2\WhatsApp Image 2026-04-29 at 1.24.42 PM.jpeg,548.9
2,WhatsApp Image 2026-04-29 at 1.24.44 PM.jpeg,E:\POC\project-poc\data\raw\images\2\WhatsApp Image 2026-04-29 at 1.24.44 PM.jpeg,464.1
2,WhatsApp Image 2026-04-29 at 1.24.45 PM (1).jpeg,E:\POC\project-poc\data\raw\images\2\WhatsApp Image 2026-04-29 at 1.24.45 PM (1).jpeg,255.6
2,WhatsApp Image 2026-04-29 at 1.24.45 PM.jpeg,E:\POC\project-poc\data\raw\images\2\WhatsApp Image 2026-04-29 at 1.24.45 PM.jpeg,469.3
2,WhatsApp Image 2026-04-29 at 1.24.46 PM.jpeg,E:\POC\project-poc\data\raw\images\2\WhatsApp Image 2026-04-29 at 1.24.46 PM.jpeg,591.5
2,WhatsApp Image 2026-04-29 at 1.24.47 PM.jpeg,E:\POC\project-poc\data\raw\images\2\WhatsApp Image 2026-04-29 at 1.24.47 PM.jpeg,495.1
2,WhatsApp Image 2026-04-29 at 1.24.48 PM.jpeg,E:\POC\project-poc\data\raw\images\2\WhatsApp Image 2026-04-29 at 1.24.48 PM.jpeg,424.5
2,WhatsApp Image 2026-04-29 at 1.24.49 PM (1).jpeg,E:\POC\project-poc\data\raw\images\2\WhatsApp Image 2026-04-29 at 1.24.49 PM (1).jpeg,326.0
2,WhatsApp Image 2026-04-29 at 1.24.49 PM.jpeg,E:\POC\project-poc\data\raw\images\2\WhatsApp Image 2026-04-29 at 1.24.49 PM.jpeg,437.8
2,WhatsApp Image 2026-04-29 at 1.24.50 PM (1).jpeg,E:\POC\project-poc\data\raw\images\2\WhatsApp Image 2026-04-29 at 1.24.50 PM (1).jpeg,381.8
2,WhatsApp Image 2026-04-29 at 1.24.50 PM.jpeg,E:\POC\project-poc\data\raw\images\2\WhatsApp Image 2026-04-29 at 1.24.50 PM.jpeg,504.7
3,WhatsApp Image 2026-04-29 at 1.22.57 PM.jpeg,E:\POC\project-poc\data\raw\images\3\WhatsApp Image 2026-04-29 at 1.22.57 PM.jpeg,413.1
3,WhatsApp Image 2026-04-29 at 1.22.58 PM (1).jpeg,E:\POC\project-poc\data\raw\images\3\WhatsApp Image 2026-04-29 at 1.22.58 PM (1).jpeg,497.8
3,WhatsApp Image 2026-04-29 at 1.22.58 PM.jpeg,E:\POC\project-poc\data\raw\images\3\WhatsApp Image 2026-04-29 at 1.22.58 PM.jpeg,487.8
3,WhatsApp Image 2026-04-29 at 1.22.59 PM (1).jpeg,E:\POC\project-poc\data\raw\images\3\WhatsApp Image 2026-04-29 at 1.22.59 PM (1).jpeg,441.0
3,WhatsApp Image 2026-04-29 at 1.22.59 PM.jpeg,E:\POC\project-poc\data\raw\images\3\WhatsApp Image 2026-04-29 at 1.22.59 PM.jpeg,520.9
3,WhatsApp Image 2026-04-29 at 1.23.00 PM (1).jpeg,E:\POC\project-poc\data\raw\images\3\WhatsApp Image 2026-04-29 at 1.23.00 PM (1).jpeg,555.6
3,WhatsApp Image 2026-04-29 at 1.23.00 PM.jpeg,E:\POC\project-poc\data\raw\images\3\WhatsApp Image 2026-04-29 at 1.23.00 PM.jpeg,440.4
3,WhatsApp Image 2026-04-29 at 1.23.01 PM (1).jpeg,E:\POC\project-poc\data\raw\images\3\WhatsApp Image 2026-04-29 at 1.23.01 PM (1).jpeg,527.0
3,WhatsApp Image 2026-04-29 at 1.23.01 PM (2).jpeg,E:\POC\project-poc\data\raw\images\3\WhatsApp Image 2026-04-29 at 1.23.01 PM (2).jpeg,529.4
3,WhatsApp Image 2026-04-29 at 1.23.01 PM.jpeg,E:\POC\project-poc\data\raw\images\3\WhatsApp Image 2026-04-29 at 1.23.01 PM.jpeg,453.0
3,WhatsApp Image 2026-04-29 at 1.23.02 PM (1).jpeg,E:\POC\project-poc\data\raw\images\3\WhatsApp Image 2026-04-29 at 1.23.02 PM (1).jpeg,468.6
3,WhatsApp Image 2026-04-29 at 1.23.02 PM.jpeg,E:\POC\project-poc\data\raw\images\3\WhatsApp Image 2026-04-29 at 1.23.02 PM.jpeg,526.9
3,WhatsApp Image 2026-04-29 at 1.23.03 PM.jpeg,E:\POC\project-poc\data\raw\images\3\WhatsApp Image 2026-04-29 at 1.23.03 PM.jpeg,457.3
3,WhatsApp Image 2026-04-29 at 1.23.04 PM (1).jpeg,E:\POC\project-poc\data\raw\images\3\WhatsApp Image 2026-04-29 at 1.23.04 PM (1).jpeg,529.2
3,WhatsApp Image 2026-04-29 at 1.23.04 PM (2).jpeg,E:\POC\project-poc\data\raw\images\3\WhatsApp Image 2026-04-29 at 1.23.04 PM (2).jpeg,475.7
3,WhatsApp Image 2026-04-29 at 1.23.04 PM.jpeg,E:\POC\project-poc\data\raw\images\3\WhatsApp Image 2026-04-29 at 1.23.04 PM.jpeg,624.6
3,WhatsApp Image 2026-04-29 at 1.23.05 PM (1).jpeg,E:\POC\project-poc\data\raw\images\3\WhatsApp Image 2026-04-29 at 1.23.05 PM (1).jpeg,439.0
3,WhatsApp Image 2026-04-29 at 1.23.05 PM.jpeg,E:\POC\project-poc\data\raw\images\3\WhatsApp Image 2026-04-29 at 1.23.05 PM.jpeg,480.0
3,WhatsApp Image 2026-04-29 at 1.23.06 PM (1).jpeg,E:\POC\project-poc\data\raw\images\3\WhatsApp Image 2026-04-29 at 1.23.06 PM (1).jpeg,293.3
3,WhatsApp Image 2026-04-29 at 1.23.06 PM (2).jpeg,E:\POC\project-poc\data\raw\images\3\WhatsApp Image 2026-04-29 at 1.23.06 PM (2).jpeg,327.2
3,WhatsApp Image 2026-04-29 at 1.23.06 PM.jpeg,E:\POC\project-poc\data\raw\images\3\WhatsApp Image 2026-04-29 at 1.23.06 PM.jpeg,420.0
3,WhatsApp Image 2026-04-29 at 1.23.07 PM (1).jpeg,E:\POC\project-poc\data\raw\images\3\WhatsApp Image 2026-04-29 at 1.23.07 PM (1).jpeg,283.4
3,WhatsApp Image 2026-04-29 at 1.23.07 PM (2).jpeg,E:\POC\project-poc\data\raw\images\3\WhatsApp Image 2026-04-29 at 1.23.07 PM (2).jpeg,263.6
3,WhatsApp Image 2026-04-29 at 1.23.07 PM.jpeg,E:\POC\project-poc\data\raw\images\3\WhatsApp Image 2026-04-29 at 1.23.07 PM.jpeg,308.7
3,WhatsApp Image 2026-04-29 at 1.23.08 PM (1).jpeg,E:\POC\project-poc\data\raw\images\3\WhatsApp Image 2026-04-29 at 1.23.08 PM (1).jpeg,292.3
3,WhatsApp Image 2026-04-29 at 1.23.08 PM.jpeg,E:\POC\project-poc\data\raw\images\3\WhatsApp Image 2026-04-29 at 1.23.08 PM.jpeg,321.4
3,WhatsApp Image 2026-04-29 at 1.23.09 PM (1).jpeg,E:\POC\project-poc\data\raw\images\3\WhatsApp Image 2026-04-29 at 1.23.09 PM (1).jpeg,288.3
3,WhatsApp Image 2026-04-29 at 1.23.09 PM (2).jpeg,E:\POC\project-poc\data\raw\images\3\WhatsApp Image 2026-04-29 at 1.23.09 PM (2).jpeg,265.6
3,WhatsApp Image 2026-04-29 at 1.23.09 PM.jpeg,E:\POC\project-poc\data\raw\images\3\WhatsApp Image 2026-04-29 at 1.23.09 PM.jpeg,279.2
3,WhatsApp Image 2026-04-29 at 1.23.10 PM (1).jpeg,E:\POC\project-poc\data\raw\images\3\WhatsApp Image 2026-04-29 at 1.23.10 PM (1).jpeg,378.0
3,WhatsApp Image 2026-04-29 at 1.23.10 PM (2).jpeg,E:\POC\project-poc\data\raw\images\3\WhatsApp Image 2026-04-29 at 1.23.10 PM (2).jpeg,443.0
3,WhatsApp Image 2026-04-29 at 1.23.10 PM.jpeg,E:\POC\project-poc\data\raw\images\3\WhatsApp Image 2026-04-29 at 1.23.10 PM.jpeg,283.8
3,WhatsApp Image 2026-04-29 at 1.23.11 PM (1).jpeg,E:\POC\project-poc\data\raw\images\3\WhatsApp Image 2026-04-29 at 1.23.11 PM (1).jpeg,363.2
3,WhatsApp Image 2026-04-29 at 1.23.11 PM (2).jpeg,E:\POC\project-poc\data\raw\images\3\WhatsApp Image 2026-04-29 at 1.23.11 PM (2).jpeg,171.8
3,WhatsApp Image 2026-04-29 at 1.23.11 PM.jpeg,E:\POC\project-poc\data\raw\images\3\WhatsApp Image 2026-04-29 at 1.23.11 PM.jpeg,467.2
3,WhatsApp Image 2026-04-29 at 1.23.12 PM.jpeg,E:\POC\project-poc\data\raw\images\3\WhatsApp Image 2026-04-29 at 1.23.12 PM.jpeg,407.9
4,WhatsApp Image 2026-04-29 at 1.25.38 PM (1).jpeg,E:\POC\project-poc\data\raw\images\4\WhatsApp Image 2026-04-29 at 1.25.38 PM (1).jpeg,473.8
4,WhatsApp Image 2026-04-29 at 1.25.38 PM.jpeg,E:\POC\project-poc\data\raw\images\4\WhatsApp Image 2026-04-29 at 1.25.38 PM.jpeg,486.2
4,WhatsApp Image 2026-04-29 at 1.25.39 PM (1).jpeg,E:\POC\project-poc\data\raw\images\4\WhatsApp Image 2026-04-29 at 1.25.39 PM (1).jpeg,504.5
4,WhatsApp Image 2026-04-29 at 1.25.39 PM.jpeg,E:\POC\project-poc\data\raw\images\4\WhatsApp Image 2026-04-29 at 1.25.39 PM.jpeg,190.8
4,WhatsApp Image 2026-04-29 at 1.25.40 PM (1).jpeg,E:\POC\project-poc\data\raw\images\4\WhatsApp Image 2026-04-29 at 1.25.40 PM (1).jpeg,518.3
4,WhatsApp Image 2026-04-29 at 1.25.40 PM.jpeg,E:\POC\project-poc\data\raw\images\4\WhatsApp Image 2026-04-29 at 1.25.40 PM.jpeg,523.8
4,WhatsApp Image 2026-04-29 at 1.25.41 PM.jpeg,E:\POC\project-poc\data\raw\images\4\WhatsApp Image 2026-04-29 at 1.25.41 PM.jpeg,519.9
4,WhatsApp Image 2026-04-29 at 1.25.42 PM (1).jpeg,E:\POC\project-poc\data\raw\images\4\WhatsApp Image 2026-04-29 at 1.25.42 PM (1).jpeg,547.6
4,WhatsApp Image 2026-04-29 at 1.25.42 PM (2).jpeg,E:\POC\project-poc\data\raw\images\4\WhatsApp Image 2026-04-29 at 1.25.42 PM (2).jpeg,577.5
4,WhatsApp Image 2026-04-29 at 1.25.42 PM.jpeg,E:\POC\project-poc\data\raw\images\4\WhatsApp Image 2026-04-29 at 1.25.42 PM.jpeg,491.7
4,WhatsApp Image 2026-04-29 at 1.25.43 PM (1).jpeg,E:\POC\project-poc\data\raw\images\4\WhatsApp Image 2026-04-29 at 1.25.43 PM (1).jpeg,458.1
4,WhatsApp Image 2026-04-29 at 1.25.43 PM.jpeg,E:\POC\project-poc\data\raw\images\4\WhatsApp Image 2026-04-29 at 1.25.43 PM.jpeg,507.4
4,WhatsApp Image 2026-04-29 at 1.25.45 PM (1).jpeg,E:\POC\project-poc\data\raw\images\4\WhatsApp Image 2026-04-29 at 1.25.45 PM (1).jpeg,608.7
4,WhatsApp Image 2026-04-29 at 1.25.45 PM.jpeg,E:\POC\project-poc\data\raw\images\4\WhatsApp Image 2026-04-29 at 1.25.45 PM.jpeg,660.7
4,WhatsApp Image 2026-04-29 at 1.25.46 PM (1).jpeg,E:\POC\project-poc\data\raw\images\4\WhatsApp Image 2026-04-29 at 1.25.46 PM (1).jpeg,527.4
4,WhatsApp Image 2026-04-29 at 1.25.46 PM.jpeg,E:\POC\project-poc\data\raw\images\4\WhatsApp Image 2026-04-29 at 1.25.46 PM.jpeg,646.0
4,WhatsApp Image 2026-04-29 at 1.25.47 PM (1).jpeg,E:\POC\project-poc\data\raw\images\4\WhatsApp Image 2026-04-29 at 1.25.47 PM (1).jpeg,522.9
4,WhatsApp Image 2026-04-29 at 1.25.47 PM (2).jpeg,E:\POC\project-poc\data\raw\images\4\WhatsApp Image 2026-04-29 at 1.25.47 PM (2).jpeg,429.4
4,WhatsApp Image 2026-04-29 at 1.25.47 PM.jpeg,E:\POC\project-poc\data\raw\images\4\WhatsApp Image 2026-04-29 at 1.25.47 PM.jpeg,513.6
4,WhatsApp Image 2026-04-29 at 1.25.48 PM (1).jpeg,E:\POC\project-poc\data\raw\images\4\WhatsApp Image 2026-04-29 at 1.25.48 PM (1).jpeg,494.4
4,WhatsApp Image 2026-04-29 at 1.25.48 PM.jpeg,E:\POC\project-poc\data\raw\images\4\WhatsApp Image 2026-04-29 at 1.25.48 PM.jpeg,447.2
4,WhatsApp Image 2026-04-29 at 1.25.49 PM (1).jpeg,E:\POC\project-poc\data\raw\images\4\WhatsApp Image 2026-04-29 at 1.25.49 PM (1).jpeg,516.4
4,WhatsApp Image 2026-04-29 at 1.25.49 PM.jpeg,E:\POC\project-poc\data\raw\images\4\WhatsApp Image 2026-04-29 at 1.25.49 PM.jpeg,516.4
4,WhatsApp Image 2026-04-29 at 1.25.50 PM (1).jpeg,E:\POC\project-poc\data\raw\images\4\WhatsApp Image 2026-04-29 at 1.25.50 PM (1).jpeg,471.8
4,WhatsApp Image 2026-04-29 at 1.25.50 PM.jpeg,E:\POC\project-poc\data\raw\images\4\WhatsApp Image 2026-04-29 at 1.25.50 PM.jpeg,439.3
4,WhatsApp Image 2026-04-29 at 1.25.51 PM.jpeg,E:\POC\project-poc\data\raw\images\4\WhatsApp Image 2026-04-29 at 1.25.51 PM.jpeg,373.6
4,WhatsApp Image 2026-04-29 at 1.25.52 PM (1).jpeg,E:\POC\project-poc\data\raw\images\4\WhatsApp Image 2026-04-29 at 1.25.52 PM (1).jpeg,572.4
4,WhatsApp Image 2026-04-29 at 1.25.52 PM.jpeg,E:\POC\project-poc\data\raw\images\4\WhatsApp Image 2026-04-29 at 1.25.52 PM.jpeg,369.0
4,WhatsApp Image 2026-04-29 at 1.25.53 PM.jpeg,E:\POC\project-poc\data\raw\images\4\WhatsApp Image 2026-04-29 at 1.25.53 PM.jpeg,690.1
4,WhatsApp Image 2026-04-29 at 1.25.54 PM (1).jpeg,E:\POC\project-poc\data\raw\images\4\WhatsApp Image 2026-04-29 at 1.25.54 PM (1).jpeg,511.6
4,WhatsApp Image 2026-04-29 at 1.25.54 PM.jpeg,E:\POC\project-poc\data\raw\images\4\WhatsApp Image 2026-04-29 at 1.25.54 PM.jpeg,592.8
4,WhatsApp Image 2026-04-29 at 1.25.55 PM (1).jpeg,E:\POC\project-poc\data\raw\images\4\WhatsApp Image 2026-04-29 at 1.25.55 PM (1).jpeg,513.4
4,WhatsApp Image 2026-04-29 at 1.25.55 PM.jpeg,E:\POC\project-poc\data\raw\images\4\WhatsApp Image 2026-04-29 at 1.25.55 PM.jpeg,642.8
4,WhatsApp Image 2026-04-29 at 1.25.56 PM.jpeg,E:\POC\project-poc\data\raw\images\4\WhatsApp Image 2026-04-29 at 1.25.56 PM.jpeg,600.0
4,WhatsApp Image 2026-04-29 at 1.25.57 PM (1).jpeg,E:\POC\project-poc\data\raw\images\4\WhatsApp Image 2026-04-29 at 1.25.57 PM (1).jpeg,458.5
4,WhatsApp Image 2026-04-29 at 1.25.57 PM (2).jpeg,E:\POC\project-poc\data\raw\images\4\WhatsApp Image 2026-04-29 at 1.25.57 PM (2).jpeg,408.4
4,WhatsApp Image 2026-04-29 at 1.25.57 PM.jpeg,E:\POC\project-poc\data\raw\images\4\WhatsApp Image 2026-04-29 at 1.25.57 PM.jpeg,458.5
